[{"Name":"University","Id":1},{"Name":"Square of Republic","Id":2},{"Name":"Terminal","Id":3},{"Name":"Cathedral","Id":4},{"Name":"Park","Id":5},{"Name":"Queen\u0027s st","Id":6},{"Name":"Central museum","Id":7},{"Name":"Aeroexpress","Id":8},{"Name":"Cresent Road","Id":9},{"Name":"Laboratory","Id":10},{"Name":"Metro station","Id":11},{"Name":"Royal Square","Id":12},{"Name":"Palace","Id":13},{"Name":"Grand Hotel","Id":14},{"Name":"Square of Alexander II","Id":15}]
[{"Id":1,"Number":101,"Interval":10,"FirstDeparture":360,"LastDeparture":1380,"Destination":{"Name":"Park","Id":5}},{"Id":2,"Number":102,"Interval":5,"FirstDeparture":420,"LastDeparture":1500,"Destination":{"Name":"Laboratory","Id":10}},{"Id":3,"Number":103,"Interval":12,"FirstDeparture":480,"LastDeparture":1200,"Destination":{"Name":"Terminal","Id":3}},{"Id":4,"Number":101,"Interval":10,"FirstDeparture":360,"LastDeparture":1380,"Destination":{"Name":"University","Id":1}},{"Id":5,"Number":102,"Interval":5,"FirstDeparture":420,"LastDeparture":1500,"Destination":{"Name":"Queen\u0027s st","Id":6}},{"Id":6,"Number":103,"Interval":12,"FirstDeparture":480,"LastDeparture":1200,"Destination":{"Name":"Metro station","Id":11}}]
[{"Id":0,"Station":{"Name":"University","Id":1},"Line":{"Id":1,"Number":101,"Interval":10,"FirstDeparture":360,"LastDeparture":1380,"Destination":{"Name":"Park","Id":5}},"TimeFromOrigin":0},{"Id":0,"Station":{"Name":"Square of Republic","Id":2},"Line":{"Id":1,"Number":101,"Interval":10,"FirstDeparture":360,"LastDeparture":1380,"Destination":{"Name":"Park","Id":5}},"TimeFromOrigin":5},{"Id":0,"Station":{"Name":"Terminal","Id":3},"Line":{"Id":1,"Number":101,"Interval":10,"FirstDeparture":360,"LastDeparture":1380,"Destination":{"Name":"Park","Id":5}},"TimeFromOrigin":12},{"Id":0,"Station":{"Name":"Cathedral","Id":4},"Line":{"Id":1,"Number":101,"Interval":10,"FirstDeparture":360,"LastDeparture":1380,"Destination":{"Name":"Park","Id":5}},"TimeFromOrigin":20},{"Id":0,"Station":{"Name":"Park","Id":5},"Line":{"Id":1,"Number":101,"Interval":10,"FirstDeparture":360,"LastDeparture":1380,"Destination":{"Name":"Park","Id":5}},"TimeFromOrigin":23},{"Id":0,"Station":{"Name":"Queen\u0027s st","Id":6},"Line":{"Id":2,"Number":102,"Interval":5,"FirstDeparture":420,"LastDeparture":1500,"Destination":{"Name":"Laboratory","Id":10}},"TimeFromOrigin":0},{"Id":0,"Station":{"Name":"Central museum","Id":7},"Line":{"Id":2,"Number":102,"Interval":5,"FirstDeparture":420,"LastDeparture":1500,"Destination":{"Name":"Laboratory","Id":10}},"TimeFromOrigin":4},{"Id":0,"Station":{"Name":"Aeroexpress","Id":8},"Line":{"Id":2,"Number":102,"Interval":5,"FirstDeparture":420,"LastDeparture":1500,"Destination":{"Name":"Laboratory","Id":10}},"TimeFromOrigin":10},{"Id":0,"Station":{"Name":"Terminal","Id":3},"Line":{"Id":2,"Number":102,"Interval":5,"FirstDeparture":420,"LastDeparture":1500,"Destination":{"Name":"Laboratory","Id":10}},"TimeFromOrigin":15},{"Id":0,"Station":{"Name":"Cresent Road","Id":9},"Line":{"Id":2,"Number":102,"Interval":5,"FirstDeparture":420,"LastDeparture":1500,"Destination":{"Name":"Laboratory","Id":10}},"TimeFromOrigin":22},{"Id":0,"Station":{"Name":"Laboratory","Id":10},"Line":{"Id":2,"Number":102,"Interval":5,"FirstDeparture":420,"LastDeparture":1500,"Destination":{"Name":"Laboratory","Id":10}},"TimeFromOrigin":30},{"Id":0,"Station":{"Name":"Metro station","Id":11},"Line":{"Id":3,"Number":103,"Interval":12,"FirstDeparture":480,"LastDeparture":1200,"Destination":{"Name":"Terminal","Id":3}},"TimeFromOrigin":0},{"Id":0,"Station":{"Name":"Royal Square","Id":12},"Line":{"Id":3,"Number":103,"Interval":12,"FirstDeparture":480,"LastDeparture":1200,"Destination":{"Name":"Terminal","Id":3}},"TimeFromOrigin":3},{"Id":0,"Station":{"Name":"Park","Id":5},"Line":{"Id":3,"Number":103,"Interval":12,"FirstDeparture":480,"LastDeparture":1200,"Destination":{"Name":"Terminal","Id":3}},"TimeFromOrigin":10},{"Id":0,"Station":{"Name":"Palace","Id":13},"Line":{"Id":3,"Number":103,"Interval":12,"FirstDeparture":480,"LastDeparture":1200,"Destination":{"Name":"Terminal","Id":3}},"TimeFromOrigin":16},{"Id":0,"Station":{"Name":"Grand Hotel","Id":14},"Line":{"Id":3,"Number":103,"Interval":12,"FirstDeparture":480,"LastDeparture":1200,"Destination":{"Name":"Terminal","Id":3}},"TimeFromOrigin":23},{"Id":0,"Station":{"Name":"Central museum","Id":7},"Line":{"Id":3,"Number":103,"Interval":12,"FirstDeparture":480,"LastDeparture":1200,"Destination":{"Name":"Terminal","Id":3}},"TimeFromOrigin":27},{"Id":0,"Station":{"Name":"Square of Alexander II","Id":15},"Line":{"Id":3,"Number":103,"Interval":12,"FirstDeparture":480,"LastDeparture":1200,"Destination":{"Name":"Terminal","Id":3}},"TimeFromOrigin":32},{"Id":0,"Station":{"Name":"Terminal","Id":3},"Line":{"Id":3,"Number":103,"Interval":12,"FirstDeparture":480,"LastDeparture":1200,"Destination":{"Name":"Terminal","Id":3}},"TimeFromOrigin":40},{"Id":0,"Station":{"Name":"Park","Id":5},"Line":{"Id":4,"Number":101,"Interval":10,"FirstDeparture":360,"LastDeparture":1380,"Destination":{"Name":"University","Id":1}},"TimeFromOrigin":0},{"Id":0,"Station":{"Name":"Cathedral","Id":4},"Line":{"Id":4,"Number":101,"Interval":10,"FirstDeparture":360,"LastDeparture":1380,"Destination":{"Name":"University","Id":1}},"TimeFromOrigin":3},{"Id":0,"Station":{"Name":"Terminal","Id":3},"Line":{"Id":4,"Number":101,"Interval":10,"FirstDeparture":360,"LastDeparture":1380,"Destination":{"Name":"University","Id":1}},"TimeFromOrigin":11},{"Id":0,"Station":{"Name":"Square of Republic","Id":2},"Line":{"Id":4,"Number":101,"Interval":10,"FirstDeparture":360,"LastDeparture":1380,"Destination":{"Name":"University","Id":1}},"TimeFromOrigin":18},{"Id":0,"Station":{"Name":"University","Id":1},"Line":{"Id":4,"Number":101,"Interval":10,"FirstDeparture":360,"LastDeparture":1380,"Destination":{"Name":"University","Id":1}},"TimeFromOrigin":23},{"Id":0,"Station":{"Name":"Laboratory","Id":10},"Line":{"Id":5,"Number":102,"Interval":5,"FirstDeparture":420,"LastDeparture":1500,"Destination":{"Name":"Queen\u0027s st","Id":6}},"TimeFromOrigin":0},{"Id":0,"Station":{"Name":"Cresent Road","Id":9},"Line":{"Id":5,"Number":102,"Interval":5,"FirstDeparture":420,"LastDeparture":1500,"Destination":{"Name":"Queen\u0027s st","Id":6}},"TimeFromOrigin":8},{"Id":0,"Station":{"Name":"Terminal","Id":3},"Line":{"Id":5,"Number":102,"Interval":5,"FirstDeparture":420,"LastDeparture":1500,"Destination":{"Name":"Queen\u0027s st","Id":6}},"TimeFromOrigin":15},{"Id":0,"Station":{"Name":"Aeroexpress","Id":8},"Line":{"Id":5,"Number":102,"Interval":5,"FirstDeparture":420,"LastDeparture":1500,"Destination":{"Name":"Queen\u0027s st","Id":6}},"TimeFromOrigin":20},{"Id":0,"Station":{"Name":"Central museum","Id":7},"Line":{"Id":5,"Number":102,"Interval":5,"FirstDeparture":420,"LastDeparture":1500,"Destination":{"Name":"Queen\u0027s st","Id":6}},"TimeFromOrigin":26},{"Id":0,"Station":{"Name":"Queen\u0027s st","Id":6},"Line":{"Id":5,"Number":102,"Interval":5,"FirstDeparture":420,"LastDeparture":1500,"Destination":{"Name":"Queen\u0027s st","Id":6}},"TimeFromOrigin":30},{"Id":0,"Station":{"Name":"Terminal","Id":3},"Line":{"Id":6,"Number":103,"Interval":12,"FirstDeparture":480,"LastDeparture":1200,"Destination":{"Name":"Metro station","Id":11}},"TimeFromOrigin":0},{"Id":0,"Station":{"Name":"Square of Alexander II","Id":15},"Line":{"Id":6,"Number":103,"Interval":12,"FirstDeparture":480,"LastDeparture":1200,"Destination":{"Name":"Metro station","Id":11}},"TimeFromOrigin":8},{"Id":0,"Station":{"Name":"Central museum","Id":7},"Line":{"Id":6,"Number":103,"Interval":12,"FirstDeparture":480,"LastDeparture":1200,"Destination":{"Name":"Metro station","Id":11}},"TimeFromOrigin":13},{"Id":0,"Station":{"Name":"Grand Hotel","Id":14},"Line":{"Id":6,"Number":103,"Interval":12,"FirstDeparture":480,"LastDeparture":1200,"Destination":{"Name":"Metro station","Id":11}},"TimeFromOrigin":17},{"Id":0,"Station":{"Name":"Palace","Id":13},"Line":{"Id":6,"Number":103,"Interval":12,"FirstDeparture":480,"LastDeparture":1200,"Destination":{"Name":"Metro station","Id":11}},"TimeFromOrigin":24},{"Id":0,"Station":{"Name":"Park","Id":5},"Line":{"Id":6,"Number":103,"Interval":12,"FirstDeparture":480,"LastDeparture":1200,"Destination":{"Name":"Metro station","Id":11}},"TimeFromOrigin":30},{"Id":0,"Station":{"Name":"Royal Square","Id":12},"Line":{"Id":6,"Number":103,"Interval":12,"FirstDeparture":480,"LastDeparture":1200,"Destination":{"Name":"Metro station","Id":11}},"TimeFromOrigin":37},{"Id":0,"Station":{"Name":"Metro station","Id":11},"Line":{"Id":6,"Number":103,"Interval":12,"FirstDeparture":480,"LastDeparture":1200,"Destination":{"Name":"Metro station","Id":11}},"TimeFromOrigin":40}]
[{"Id":0,"Name":"Irina","Email":"Irinamail","PasswordHash":"mTnj4YzrixjTT3XpBEnvew==","FavouriteStations":[{"Id":0,"Station":{"Name":"Park","Id":5},"Description":"Home"},{"Id":0,"Station":{"Name":"Terminal","Id":3},"Description":"Work"},{"Id":0,"Station":{"Name":"Royal Square","Id":12},"Description":""},{"Id":0,"Station":{"Name":"Laboratory","Id":10},"Description":""}]},{"Id":0,"Name":"Vladimir ","Email":"Vladimirmail","PasswordHash":"upQBFT3KrBBxw8Ph36WDCw==","FavouriteStations":[]},{"Id":0,"Name":"Maria Ivanova","Email":"M@","PasswordHash":"g4eMkRcTOJAuD+D7l6jEeg==","FavouriteStations":[{"Id":0,"Station":{"Name":"Cathedral","Id":4},"Description":"Meeting place"}]},{"Id":0,"Name":"12","Email":"12","PasswordHash":"wgrU12/pd1mqJ6DJm/9nEA==","FavouriteStations":[{"Id":0,"Station":{"Name":"Queen\u0027s st","Id":6},"Description":"Home"}]}]
